-- phpMyAdmin SQL Dump
-- version 4.4.14
-- http://www.phpmyadmin.net
--
-- Host: 127.0.0.1
-- Generation Time: Apr 15, 2017 at 09:10 AM
-- Server version: 5.6.26
-- PHP Version: 5.6.12

SET SQL_MODE = "NO_AUTO_VALUE_ON_ZERO";
SET time_zone = "+00:00";


/*!40101 SET @OLD_CHARACTER_SET_CLIENT=@@CHARACTER_SET_CLIENT */;
/*!40101 SET @OLD_CHARACTER_SET_RESULTS=@@CHARACTER_SET_RESULTS */;
/*!40101 SET @OLD_COLLATION_CONNECTION=@@COLLATION_CONNECTION */;
/*!40101 SET NAMES utf8mb4 */;

--
-- Database: `project_it`
--

-- --------------------------------------------------------

--
-- Table structure for table `comment`
--

CREATE TABLE IF NOT EXISTS `comment` (
  `id_comment` int(10) NOT NULL,
  `txt_comment` text CHARACTER SET tis620 NOT NULL,
  `date_time` timestamp NOT NULL DEFAULT CURRENT_TIMESTAMP,
  `level` int(1) NOT NULL,
  `id_comment_parent` int(10) DEFAULT NULL,
  `id_user` int(10) NOT NULL,
  `id_subject` int(10) NOT NULL
) ENGINE=InnoDB AUTO_INCREMENT=81 DEFAULT CHARSET=latin1;

--
-- Dumping data for table `comment`
--

INSERT INTO `comment` (`id_comment`, `txt_comment`, `date_time`, `level`, `id_comment_parent`, `id_user`, `id_subject`) VALUES
(1, 'eiei', '2017-03-29 17:00:00', 0, NULL, 1, 1),
(3, 'BBBBBBBB', '2017-03-29 20:04:07', 0, NULL, 1, 1),
(25, 'อิอิ', '2017-04-01 16:29:58', 0, NULL, 1, 1),
(26, 'ฟหกดดเเ', '2017-04-01 16:32:23', 0, NULL, 1, 1),
(27, 'asdasds', '2017-04-02 08:13:31', 0, NULL, 1, 1),
(28, 'sadsd', '2017-04-02 08:13:36', 1, 27, 1, 1),
(31, 'sadasd', '2017-04-02 10:40:18', 1, 1, 1, 1),
(33, '55555555555555555', '2017-04-03 06:04:27', 0, NULL, 1, 1),
(34, 'sad', '2017-04-03 17:22:32', 0, NULL, 1, 1),
(35, 'sad', '2017-04-03 17:22:57', 0, NULL, 1, 1),
(37, 'sasas', '2017-04-03 17:28:17', 1, 27, 1, 1),
(38, '11111', '2017-04-03 17:32:20', 1, 1, 1, 1),
(40, '22222', '2017-04-03 17:32:49', 1, 1, 1, 1),
(41, 'sasdsd', '2017-04-03 17:33:35', 0, NULL, 1, 2),
(42, 'aaaa', '2017-04-03 18:45:23', 1, 1, 1, 1),
(43, 'aaaaa', '2017-04-03 18:54:00', 1, 41, 0, 2),
(44, 'aaaa', '2017-04-03 18:54:36', 1, 41, 0, 2),
(45, 'asas', '2017-04-03 18:55:05', 1, 41, 0, 2),
(46, 'asas', '2017-04-03 18:55:48', 1, 41, 0, 2),
(49, 'dddd', '2017-04-03 18:57:29', 0, NULL, 1, 2),
(52, 'ssdssssssssssssssssssssssssssssssssssssssssssssssssssssssssssssssssssssssssssssssssssssssssssssssssssssssssssssssssssssss', '2017-04-04 06:18:43', 0, NULL, 1, 1),
(53, 'asasas', '2017-04-04 06:19:03', 0, NULL, 1, 1),
(55, 'aaaaaaaa', '2017-04-04 07:26:42', 0, NULL, 1, 2),
(58, 'witcomment', '2017-04-08 04:43:30', 0, NULL, 1, 1),
(59, 'อิอิ', '2017-04-08 04:45:32', 0, NULL, 1, 1),
(60, 'aasd', '2017-04-08 04:52:58', 1, 53, 1, 1),
(62, '9999', '2017-04-08 04:56:10', 1, 3, 1, 1),
(63, 'tttt', '2017-04-08 04:56:18', 0, NULL, 1, 1),
(64, 'asd', '2017-04-08 06:15:40', 0, NULL, 1, 2),
(65, 'asdaddddddddddddddddddddddddddddddddddddddddddddddddsssssssssssdsdsdsdsd', '2017-04-08 06:15:44', 0, NULL, 1, 2),
(66, '5555', '2017-04-08 08:25:00', 1, 3, 2, 1),
(68, 'asda', '2017-04-08 08:36:53', 1, 1, 2, 1),
(69, 'หน้าเรียนมากเลยครับ :D', '2017-04-14 08:45:54', 0, NULL, 6, 7),
(71, 'อาจารย์ในดีมาก อิอิ', '2017-04-14 11:04:45', 0, NULL, 6, 9),
(72, 'วิชานี้ก็น่าเรียนมากครับ', '2017-04-14 11:05:21', 0, NULL, 6, 8),
(73, 'ดีครับ', '2017-04-14 11:34:04', 0, NULL, 7, 8),
(74, 'sg', '2017-04-14 11:40:09', 0, NULL, 7, 8),
(75, 'fdgfg', '2017-04-14 11:40:19', 0, NULL, 7, 8),
(76, 'bvbvb', '2017-04-14 11:42:53', 0, NULL, 6, 9),
(77, '123', '2017-04-14 11:44:50', 0, NULL, 6, 9),
(78, '456', '2017-04-14 11:44:55', 1, 77, 6, 9),
(79, 'gug', '2017-04-14 11:46:24', 0, NULL, 2, 7),
(80, 'ดีมากครับ', '2017-04-15 06:57:27', 0, NULL, 1, 9);

-- --------------------------------------------------------

--
-- Table structure for table `img`
--

CREATE TABLE IF NOT EXISTS `img` (
  `id_img` int(10) NOT NULL,
  `path_img` varchar(255) NOT NULL
) ENGINE=InnoDB AUTO_INCREMENT=19 DEFAULT CHARSET=latin1;

--
-- Dumping data for table `img`
--

INSERT INTO `img` (`id_img`, `path_img`) VALUES
(1, '../images/user_1.jpg'),
(2, '../images/user_2.jpg'),
(3, '../images/user_3.jpg'),
(5, '../images/ah.jpg'),
(6, '../images/000.jpg'),
(7, '../images/bird.jpg'),
(8, '../images/1509107_742431592463593_2675594702214423247_n.jpg'),
(9, '../images/large_medium7.jpg'),
(10, '../images/galaxy-wallpaper_2.jpg'),
(11, '../images/redarmyfc20160916_Fri83024_mufc.jpg'),
(12, '../images/marvel2.png'),
(13, '../images/ant_man_vintage-wide.jpg'),
(14, '../images/galaxy_s6_iron_man_edition_logo_by_kyle_vanhove-d8zpxbz.png'),
(15, '../images/iron_man_arc_reactor_by_ikonradx-d5k6vwl.png'),
(16, '../images/15fmbea.jpg'),
(17, '../images/4020577.jpg'),
(18, '../images/redarmyfc20140320_Thu92647_hhero.jpg_15-04-2017');

-- --------------------------------------------------------

--
-- Table structure for table `img_member`
--

CREATE TABLE IF NOT EXISTS `img_member` (
  `id_imgmem` int(10) NOT NULL,
  `id_mem` int(10) NOT NULL,
  `id_img` int(10) NOT NULL,
  `status` tinyint(1) NOT NULL
) ENGINE=InnoDB AUTO_INCREMENT=15 DEFAULT CHARSET=latin1;

--
-- Dumping data for table `img_member`
--

INSERT INTO `img_member` (`id_imgmem`, `id_mem`, `id_img`, `status`) VALUES
(1, 6, 6, 1),
(2, 7, 2, 1),
(3, 7, 7, 1),
(4, 7, 8, 1),
(5, 7, 9, 1),
(6, 6, 10, 1),
(7, 6, 11, 1),
(8, 6, 12, 1),
(9, 2, 13, 1),
(10, 2, 14, 1),
(11, 2, 15, 1),
(12, 2, 16, 1),
(13, 1, 17, 1),
(14, 1, 18, 1);

-- --------------------------------------------------------

--
-- Table structure for table `member`
--

CREATE TABLE IF NOT EXISTS `member` (
  `id_member` int(10) NOT NULL,
  `username` varchar(30) NOT NULL,
  `password` varchar(30) NOT NULL,
  `name` varchar(30) NOT NULL,
  `surname` varchar(30) NOT NULL,
  `tel` varchar(10) NOT NULL,
  `email` varchar(50) NOT NULL,
  `type_user` enum('ADMIN','USER') NOT NULL,
  `id_img` int(10) NOT NULL
) ENGINE=InnoDB AUTO_INCREMENT=8 DEFAULT CHARSET=latin1;

--
-- Dumping data for table `member`
--

INSERT INTO `member` (`id_member`, `username`, `password`, `name`, `surname`, `tel`, `email`, `type_user`, `id_img`) VALUES
(1, 'admin', 'admin', 'Wit', 'Chawit', '0817196308', 'wis-chawis@hotmail.com', 'ADMIN', 18),
(2, 'user1', 'user1', 'user1', 'user1', '0817456321', 'aaaa@hotmail.com', 'USER', 16),
(4, 'user2', 'user2', 'user2', 'user2', '0123456789', 'bbbb@hotmail.com', 'USER', 1),
(5, 'wit', 'wit', 'asds', 'asdasd', 'asd', 'asdsdadsadadasd', 'USER', 2),
(6, 'base', '1214', 'B4SE', 'K', '0958321739', 'pongsathorn.b21@gmai.com', 'USER', 12),
(7, 'ubeer', '1122', 'asda', 'aas', '0556565656', 'pongsathorn.b21@gmail.com', 'USER', 0);

-- --------------------------------------------------------

--
-- Table structure for table `subject`
--

CREATE TABLE IF NOT EXISTS `subject` (
  `id_subject` int(10) NOT NULL,
  `name_th` varchar(100) CHARACTER SET utf8 COLLATE utf8_bin NOT NULL,
  `subject_code` varchar(8) CHARACTER SET utf8 COLLATE utf8_bin NOT NULL,
  `description` text CHARACTER SET utf8 COLLATE utf8_bin NOT NULL,
  `id_user` int(10) NOT NULL
) ENGINE=InnoDB AUTO_INCREMENT=29 DEFAULT CHARSET=latin1;

--
-- Dumping data for table `subject`
--

INSERT INTO `subject` (`id_subject`, `name_th`, `subject_code`, `description`, `id_user`) VALUES
(7, 'ระบบฝังตัว', '02204322', 'ประวัติและการอธิบายโดยรวม สถาปัตยกรรมของระบบฝังตัว โปรแกรมแบบฝังตัว อุปกรณ์\r\nรอบข้างและการเชื่อมต่อ ระบบสัญญาณผสม ระบบเวลาจริง การคํานวณพลังต่ํา การออกแบบและ\r\nพัฒนาซอฟต์แวร์ หน่วยประมวลผลแบบฝังตัวหลายหน่วย ระบบฝังตัวบนเครือข่าย\r\n(พื้นฐาน : 02204323 หรือเรียนพร้อมกัน)', 1),
(8, 'การออกแบบอัตโนมัติของระบบดิจิทัล', '02204424', 'พื้นฐานการออกแบบสําหรับระบบดิจิทัล เทคนิคและเครื่องมือทางคอมพิวเตอร์เพื่อช่วยการ\r\nออกแบบระบบดิจิทัล การโปรแกรมภาษาสาธยายฮาร์ดแวร์ คอมไพเลอร์ฮาร์ดแวร์ การตรวจสอบ\r\nและจําลองสถาปัตยกรรมคอมพิวเตอร์ การจําลองวงจรตรรกะ โปรแกรมการออกแบบอัตโนมัติ การ\r\nแบ่งแยก การวางตําแหน่งและการจัดเส้นทางของวงจรดิจิทัล\r\n(พื้นฐาน : 02204222)', 1),
(9, 'การออกแบบโครงขายคอมพิวเตอร์', '02204425', 'การวิเคราะห์ความต้องการในการออกแบบระบบเครือข่าย การวิเคราะห์การไหลของข้อมูล\r\nสถาปัตยกรรมโครงข่าย การกําหนดเทคโนโลยี การกําหนดกลไกการเชื่อมโยงเครือข่าย การเลือก\r\nรูปแบบการเชื่อมต่อ การเลือกจุดติดตั้งสายสื่อสาร การกําหนดเส้นทางการไหลของข้อมูล การ\r\nกําหนดขนาดสายสัญญาณและอุปกรณ์ การประเมินคุณสมบัติของโครงข่าย\r\n(พื้นฐาน : 02204226 หรือเรยนพร ี ้อมกัน)', 1),
(10, 'การปรับแต่งเครือข่ายเชิงปฏิบัติการ', '02204426', 'โพรโทคอลหาเส้นทางแบบคลาสเลส สวิตช์และการกําหนดค่าสวิตช์ โพรโทคอลแบบสแปน\r\nนิ่งทรี การตั้งค่าการควบคุมการเข้าถึง (เอซีแอล) การออกแบบและการตั้งค่าระบบแลนเสมือน การ\r\nออกแบบระบบเครือข่ายบริเวณกว้าง การวิเคราะห์ความต้องการในการออกแบบเครือข่าย การ\r\nวิเคราะห์การไหลของข้อมูล สถาปัตยกรรมเครือข่าย การเลือกเทคโนโลยี การเลือกกลไกการ\r\nเชื่อมโยง การเลือกวิธีเชื่อมโยง การเลือกเส้นทาง การเชื่อมโยงเส้นทางจราจร ความกว้างของ\r\nจุดเชื่อมและการเชื่อมโยง และพัฒนาการของระบบเครือข่าย\r\n(พื้นฐาน : 02204326)', 1),
(11, 'การสื่อสารไรสาย', '02204427', 'ความรู้เบื้องต้นของระบบเซลลูลาร์ โครงสร้างพื้นฐานของระบบเซลลูลาร์ การเข้ารหัสเสียง\r\nและการเข้ารหัสช่องสัญญาณ เทคนิคการเข้าถึงแบบหลายทาง ระบบสื่อสารเคลื่อนที่จีเอสเอ็ม\r\nระบบสื่อสารเคลื่อนที่ซีดีเอ็มเอ ระบบสื่อสารผ่านดาวเทียม เครือข่ายไร้สายเฉพาะกิจ เครือข่าย\r\nเซ็นเซอร์ไร้สาย เครือข่ายบริเวณเฉพาะที่ไร้สาย เครือข่ายบริเวณนครหลวงไร้สาย และเครือข่าย\r\nพื้นที่ส่วนบุคคลไร้สาย เทคโนโลยีอัลตราไวด์แบนด์ ไวแมกซ์ และระบบชี้เฉพาะอัตโนมัติแบบไร้สาย\r\n(พื้นฐาน : 02204226 หรือเรียนพร้อมกัน)', 1),
(12, 'สถาปัตยกรรมเชิงบริการ', '02204428', 'สถาปัตยกรรมเชิงบริการยุคใหม่ การประเมินและวิเคราะห์ชุดของการบริการ การออกแบบ\r\nตรรกะทางการบริการ การแปลงการออกแบบทางตรรกะสู่การบริการ มาตรฐานทางอุตสาหกรรม\r\nของสถาปัตยกรรมเชิงบริการ ความน่าเชื่อถือของสถาปัตยกรรมเชิงบริการ ประสิทธิภาพและความ\r\nปลอดภัยทั่วทั้งองค์กร', 1),
(13, 'ความปลอดภัยในระบบคอมพิวเตอร์และเครือข่าย', '02204429', 'ภาพรวมของความปลอดภัยทางคอมพิวเตอร์ กระบวนการรักษาความปลอดภัยข้อมูล การ\r\nป้องกันการเจาะระบบ การเข้ารหัสข้อมูล ไฟร์วอล การวิเคราะห์และการตรวจจับการบุกรุก การกู้\r\nคืนระบบ ความปลอดภัยในระบบปฏิบัติการต่างๆ การวางแผนรักษาความปลอดภัยระบบ\r\nคอมพิวเตอร์', 1),
(14, 'การเขียนโปรแกรมเชิงวัตถ', '02204432', 'หลักการเขียนโปรแกรมเชิงวัตถุ ภาวะนามธรรม การสืบทอด การพ้องรูป คลาสนามธรรม\r\nส่วนต่อประสาน คลาสซ้อนคลาส การจัดการความผิดพลาด การจัดการเหตุการณ์ในส่วนต่อ\r\nประสานกราฟิกกับผู้ใช้ (จียูไอ) การพัฒนาระบบขนาดใหญ่เชิงวัตถุ\r\n(พื้นฐาน : 02204214)', 1),
(15, 'เทคโนโลยีระบบกริด', '02204436', 'แนะนําเทคโนโลยีกริด การประยุกต์ใช้เทคโนโลยีกริด สถาปัตยกรรมระบบกริด เทคโนโลยี\r\nเครือข่าย และระบบคอมพิวเตอร์สมรรถนะสูง ระบบกริดมิดเดิลแวร์ ระบบความปลอดภัยบนกริดและมาตรฐานที่เกี่ยวข้อง การบริหารทรัพยากรบนระบบกริด ระบบกริดข้อมูล การพัฒนาโปรแกรม\r\nแบบขนานบนกริด การพัฒนาโปรแกรมบนกริดด้วยกริดเซอร์วิส ระบบกริดในประเทศไทย\r\n(พื้นฐาน : 02204332)', 1),
(16, 'การบริหารจัดการเทคโนโลยสารสนเทศ', '02204452', 'การจัดระบบหน่วยงานเทคโนโลยีสารสนเทศ การวางแผนงานระบบสารสนเทศ การจัดการ\r\nทรัพยากรทางเทคโนโลยีสารสนเทศ การจัดการโครงการสําหรับการออกแบบ การพัฒนา การสร้าง\r\nการติดตั้ง และการประเมินผลระบบสารสนเทศ การวิเคราะห์ค่าใช้จ่ายหรือผลประโยชน์สําหรับ\r\nระบบสารสนเทศ ผลกระทบของเทคโนโลยีสารสนเทศต่อองค์กร ต่อบุคคล และต่อสังคม กฎหมาย\r\nและจริยธรรม ที่เกี่ยวข้องกับเทคโนโลยีสารสนเทศ', 1),
(17, 'การสื่อสารวิทยาศาสตร์สำหรับวิศวกร', '02204453', 'ความหมายของการสื่อสารวิทยาศาสตร์สําหรับวิศวกร แนวคิดของการสื่อสารวิทยาศาสตร์\r\nวิธีการสื่อสารวิทยาศาสตร์ การทําสารสนเทศให้เข้าใจได้ง่าย รูปแบบของสื่อและการสื่อสารที่\r\nกลุ่มเป้าหมายเป็นสําคัญ', 1),
(18, 'คลังข้อมูลและการทําเหมืองข้อมูล', '02204454', 'สถาปัตยกรรมและองค์ประกอบของระบบคลังข้อมูล ระเบียบวิธีพัฒนาระบบคลังข้อมูล\r\nขั้นตอนการออกแบบและพัฒนาคลังข้อมูล การประยุกต์ใช้งานคลังข้อมูล โครงสร้างข้อมูลแบบ\r\nลู\r\nกบาศก์ กระบวนการค้นพบความรู้ แนวคิดพื้นฐานของการทําเหมืองข้อมูล กระบวนการเตรียม\r\nข้อมูล เทคนิคการทําเหมืองข้อมูล การค้นพบความรู้ด้วยกฎความสัมพันธ์ การจําแนกประเภทข้อมูล\r\nการจัดกลุ่มข้อมูล โปรแกรมประยุกต์สําหรับทําเหมืองข้อมูล\r\n(พื้นฐาน : 02204351)', 1),
(19, 'ปัญญาประดิษฐ์สําหรับวิศวกรคอมพิวเตอร์', '02204461', 'ขอบเขตและเทคนิคของปัญญาประดิษฐ์ การแทนปัญหา เทคนิคการค้นหา เกมส์ การแทน\r\nความรู้ การหาเหตุผลและการโต้ตอบ การวางแผน การเรียนรู้ของเครื่องจักร การประมวลผล\r\nภาษาธรรมชาติ ระบบผู้เชี่ยวชาญ\r\n(พื้นฐาน : 02204215)', 1),
(20, 'การเรียนรู้ของเครื่อง', '02204466', 'การเรียนรู้ของเครื่องเบื้องต้น ขั้นตอนวิธีของการตัดสินใจ การเรียนรู้พื้นฐาน การเรียนรู้ด้วย\r\nกรณีศึกษา การจัดประเภทรอบข้างที่ใกล้ที่สุด ขั้นตอนวิธีเชิงพันธุกรรม ทฤษฎีการวิเคราะห์การ\r\nเขียนโปรแกรมตรรกะเชิงอุปนัย', 1),
(21, 'คอมพิวเตอร์กราฟิก', '02204471', 'องค์ประกอบและโครงสร้างคอมพิวเตอร์กราฟิก ภาพและการแสดงภาพ การแปลงรูปสองมิติ\r\nและสามมิติ การสุ่มและการสร้างภาพกลับมาใหม่ เทคนิคการใช้เมตริกซ์ช่วยในการแปลงมุมมองใน\r\nสามมิติ การตัดขอบภาพล้น การตอบโต้กับผู้ใช้โปรแกรมระบบช่องหน้าต่าง', 1),
(22, 'ปฏิสัมพันธ์ระหว่างมนุษย์กับคอมพิวเตอร์', '02204472', 'การออกแบบและสร้างระบบติดต่อระหว่างผู้ใช้กับคอมพิวเตอร์ การศึกษาความเหมาะสม\r\nของระบบคอมพิวเตอร์ต่อผู้ใช้ สถาปัตยกรรมด้านฮาร์ดแวร์ และซอฟต์แวร์ของสถานีงานส่วนบุคคล\r\nระบบการโปรแกรมเชิงวัตถุ การจัดการส่วนแสดงผลแบบโต้ตอบ และช่องหน้าต่าง', 1),
(23, 'การออกแบบระบบเมคาทรอนิกส', '02204473', 'ระบบเมคาทรอนิกส์เบื้องต้น อุปกรณ์การสวิตช์ ระบบตัวตรวจจับและการวัด ตัวกระตุ้นเชิงกล ตัวกระตุ้นเชิงไฟฟ้า การแปลงสัญญาณ การเชื่อมต่อระบบ ระบบควบคุมอัตโนมัติ ระบบหุ่นยนต์และเมคาทรอนิกส์ที่ใช้งานจริง ความฉลาดของเครื่องจักร สนเทศศาสตร์อัตโนมัติใน\r\nอุตสาหกรรม', 1),
(24, 'การประมวลผลภาพดิจิทล', '02204474', 'การประมวลผลภาพดิจิทัลสําหรับการประยุกต์ใช้งานจริง การแปลงฮิสโตแกรม การขจัด\r\nสัญญาณรบกวน การตรวจจับขอบ การปรับแต่งภาพ การแบ่งส่วนภาพ การตรวจสอบขอบภาพ\r\nการปรับปรุงภาพ สัญญาณรบกวน การแทนสีแบบ 24 บิตและ 8 บิต', 1),
(25, 'อิเล็กทรอนิกส์กำลังและการสื่อสาร', '02204485', 'อุปกรณ์ทางอิเล็กทรอนิกส์กําลัง คอนเวิร์ทเตอร์ อินเวิร์ทเตอร์ การวิเคราะห์สายส่ง แผนภูมิ\r\nสมิทธ์ การแพร่กระจายคลื่น ท่อนําคลื่นไมโครเวฟ การจับคู่อิมพีแดนซ์ วงจรขยายกําลัง\r\n(พื้นฐาน : 02204283)', 1),
(26, 'เทคโนโลยีวงจรรวมขนาดใหญ่มาก', '02204486', 'แบบจําลองของทรานซิสเตอร์แบบมอส การสร้างประตูสัญญาณซีมอส เทคโนโลยีการผลิต\r\nไอซี การออกแบบไอซี เทคโนโลยีเอฟพีจีเอ การออกแบบวงจรรวมขนาดใหญ่มากโดยใช้วีเอชดีแอ\r\nลและการหาค่าเหมาะที่สุด วงจรรวมเฉพาะงาน\r\n(พื้นฐาน : 02204283)', 1),
(27, 'การประมวลผลสญญาณดิจิทัล', '02204487', 'พื้นฐานการประมวลผลสัญญาณดิจิทัล สัญญาณเวลาไม่ต่อเนื่อง ระบบเวลาไม่ต่อเนื่อง การ\r\nแปลงฟูเรียร์ไม่ต่อเนื่องและการแปลงฟูเรียร์แบบรวดเร็ว การแปลงซี การชักตัวอย่างสัญญาณเวลา\r\nต่อเนื่อง เทคนิคการออกแบบวงจรกรอง การประยุกต์การประมวลผลสัญญาณดิจิทัล', 1),
(28, 'เรื่องเฉพาะทางวิศวกรรมคอมพิวเตอร์และอิเล็กทรอนิกส', '02204496', 'การศึกษาเรื่องเฉพาะทางวิศวกรรมคอมพิวเตอร์และอิเล็กทรอนิกส์ในระดับปริญญาตรี หัวข้อ\r\nเรื่องเปลี่ยนไปในแต่ละภาคการศึกษา', 1);

--
-- Indexes for dumped tables
--

--
-- Indexes for table `comment`
--
ALTER TABLE `comment`
  ADD PRIMARY KEY (`id_comment`,`id_user`,`id_subject`);

--
-- Indexes for table `img`
--
ALTER TABLE `img`
  ADD PRIMARY KEY (`id_img`);

--
-- Indexes for table `img_member`
--
ALTER TABLE `img_member`
  ADD PRIMARY KEY (`id_imgmem`,`id_mem`,`id_img`);

--
-- Indexes for table `member`
--
ALTER TABLE `member`
  ADD PRIMARY KEY (`id_member`,`id_img`);

--
-- Indexes for table `subject`
--
ALTER TABLE `subject`
  ADD PRIMARY KEY (`id_subject`);

--
-- AUTO_INCREMENT for dumped tables
--

--
-- AUTO_INCREMENT for table `comment`
--
ALTER TABLE `comment`
  MODIFY `id_comment` int(10) NOT NULL AUTO_INCREMENT,AUTO_INCREMENT=81;
--
-- AUTO_INCREMENT for table `img`
--
ALTER TABLE `img`
  MODIFY `id_img` int(10) NOT NULL AUTO_INCREMENT,AUTO_INCREMENT=19;
--
-- AUTO_INCREMENT for table `img_member`
--
ALTER TABLE `img_member`
  MODIFY `id_imgmem` int(10) NOT NULL AUTO_INCREMENT,AUTO_INCREMENT=15;
--
-- AUTO_INCREMENT for table `member`
--
ALTER TABLE `member`
  MODIFY `id_member` int(10) NOT NULL AUTO_INCREMENT,AUTO_INCREMENT=8;
--
-- AUTO_INCREMENT for table `subject`
--
ALTER TABLE `subject`
  MODIFY `id_subject` int(10) NOT NULL AUTO_INCREMENT,AUTO_INCREMENT=29;
/*!40101 SET CHARACTER_SET_CLIENT=@OLD_CHARACTER_SET_CLIENT */;
/*!40101 SET CHARACTER_SET_RESULTS=@OLD_CHARACTER_SET_RESULTS */;
/*!40101 SET COLLATION_CONNECTION=@OLD_COLLATION_CONNECTION */;
